Index,Symptom_Name
0,abdominal pain
1,abnormal menstruation
2,acidity
3,acute liver failure
4,altered sensorium
5,anxiety
6,back pain
7,belly pain
8,blackheads
9,bladder discomfort
10,blister
11,blood in sputum
12,bloody stool
13,blurred and distorted vision
14,breathlessness
15,brittle nails
16,bruising
17,burning micturition
18,chest pain
19,chills
20,cold hands and feets
21,coma
22,congestion
23,constipation
24,continuous feel of urine
25,continuous sneezing
26,cough
27,cramps
28,dark urine
29,dehydration
30,depression
31,diarrhoea
32,dischromic  patches
33,distention of abdomen
34,dizziness
35,drying and tingling lips
36,enlarged thyroid
37,excessive hunger
38,extra marital contacts
39,family history
40,fast heart rate
41,fatigue
42,fluid overload
43,foul smell of urine
44,headache
45,high fever
46,hip joint pain
47,history of alcohol consumption
48,increased appetite
49,indigestion
50,inflammatory nails
51,internal itching
52,irregular sugar level
53,irritability
54,irritation in anus
55,itching
56,joint pain
57,knee pain
58,lack of concentration
59,lethargy
60,loss of appetite
61,loss of balance
62,loss of smell
63,malaise
64,mild fever
65,mood swings
66,movement stiffness
67,mucoid sputum
68,muscle pain
69,muscle wasting
70,muscle weakness
71,nausea
72,neck pain
73,nodal skin eruptions
74,obesity
75,pain behind the eyes
76,pain during bowel movements
77,pain in anal region
78,painful walking
79,palpitations
80,passage of gases
81,patches in throat
82,phlegm
83,polyuria
84,prominent veins on calf
85,puffy face and eyes
86,pus filled pimples
87,receiving blood transfusion
88,receiving unsterile injections
89,red sore around nose
90,red spots over body
91,redness of eyes
92,restlessness
93,runny nose
94,rusty sputum
95,scurring
96,shivering
97,silver like dusting
98,sinus pressure
99,skin peeling
100,skin rash
101,slurred speech
102,small dents in nails
103,spinning movements
104,spotting  urination
105,stiff neck
106,stomach bleeding
107,stomach pain
108,sunken eyes
109,sweating
110,swelled lymph nodes
111,swelling joints
112,swelling of stomach
113,swollen blood vessels
114,swollen extremeties
115,swollen legs
116,throat irritation
117,toxic look (typhos)
118,ulcers on tongue
119,unsteadiness
120,visual disturbances
121,vomiting
122,watering from eyes
123,weakness in limbs
124,weakness of one body side
125,weight gain
126,weight loss
127,yellow crust ooze
128,yellow urine
129,yellowing of eyes
130,yellowish skin
